<schemalist>
    <schema id="org.blueberry" path="/org/blueberry/">
        <key name="tray-enabled" type="b">
            <default>true</default>
            <summary>Show a tray icon when bluetooth is enabled or connected</summary>
        </key>
        <key name="use-symbolic-icons" type="b">
            <default>true</default>
            <summary>Whether the tray should use symbolic icons</summary>
        </key>
        <key name="obex-enabled" type="b">
            <default>true</default>
            <summary>Allow remote devices to send files to this computer via bluetooth</summary>
        </key>
    </schema>
</schemalist>

